Quest,Quest,Order,Type,Status,Created_at
626a9a26968bb80001a9caad,13817,JMB-v575408-01,CENCOSUD_SHOPPER,IN_PROGRESS,Thu Apr 28 2022 06:44:06 GMT-0700 (Pacific Daylight Time)
626ac88a175ef4000189a9e4,13817,JMB-v576565-01,CENCOSUD_SHOPPER,REVIEWING,Thu Apr 28 2022 10:02:02 GMT-0700 (Pacific Daylight Time)
626a02e2d26fe50001b11b30,13817,JMB-v574196-01,CENCOSUD_SHOPPER,REVIEWING,Wed Apr 27 2022 19:58:42 GMT-0700 (Pacific Daylight Time)
626ac186968bb80001bd24be,13817,JMB-v576407-01,CENCOSUD_SHOPPER,REVIEWING,Thu Apr 28 2022 09:32:06 GMT-0700 (Pacific Daylight Time)
626aa2b7175ef40001ad5ea4,13817,JMB-v575618-01,CENCOSUD_SHOPPER,OPEN,Thu Apr 28 2022 07:20:39 GMT-0700 (Pacific Daylight Time)
626abc3c968bb8000176abdd,13817,JMB-v576267-01,CENCOSUD_SHOPPER,APPROVED,Thu Apr 28 2022 09:09:32 GMT-0700 (Pacific Daylight Time)
626aa8f2175ef40001322729,13817,JMB-v575757-01,CENCOSUD_SHOPPER,APPROVED,Thu Apr 28 2022 07:47:14 GMT-0700 (Pacific Daylight Time)
6269e2f6175ef40001c02fc1,13817,JMB-v573834-01,CENCOSUD_SHOPPER,REVIEWING,Wed Apr 27 2022 17:42:30 GMT-0700 (Pacific Daylight Time)
626abd99175ef40001ee06a6,13817,JMB-v576305-01,CENCOSUD_SHOPPER,APPROVED,Thu Apr 28 2022 09:15:21 GMT-0700 (Pacific Daylight Time)
626aba15175ef4000177cfca,13817,JMB-v576195-01,CENCOSUD_SHOPPER,REVIEWING,Thu Apr 28 2022 09:00:21 GMT-0700 (Pacific Daylight Time)
626acb91d26fe50001e924cb,13817,JMB-v576634-01,CENCOSUD_SHOPPER,IN_PROGRESS,Thu Apr 28 2022 10:14:57 GMT-0700 (Pacific Daylight Time)
6269b11c968bb80001106ef1,13817,JMB-v573256-01,CENCOSUD_SHOPPER,APPROVED,Wed Apr 27 2022 14:09:48 GMT-0700 (Pacific Daylight Time)
626a926ad26fe50001a959c1,13817,JMB-v575202-01,CENCOSUD_SHOPPER,APPROVED,Thu Apr 28 2022 06:11:06 GMT-0700 (Pacific Daylight Time)
626aa8a5968bb800017e7028,13817,JMB-v575760-01,CENCOSUD_SHOPPER,APPROVED,Thu Apr 28 2022 07:45:57 GMT-0700 (Pacific Daylight Time)
626ae1f6175ef4000129f3fd,13817,JMB-v577076-01,CENCOSUD_SHOPPER,OPEN,Thu Apr 28 2022 11:50:30 GMT-0700 (Pacific Daylight Time)
626ad1ce968bb800015c3079,13817,JMB-v576759-01,CENCOSUD_SHOPPER,IN_PROGRESS,Thu Apr 28 2022 10:41:34 GMT-0700 (Pacific Daylight Time)
626ad331968bb80001068351,13817,JMB-v576799-01,CENCOSUD_SHOPPER,IN_PROGRESS,Thu Apr 28 2022 10:47:29 GMT-0700 (Pacific Daylight Time)
62699ff8d26fe50001a69f0a,13817,JMB-v573046-01,CENCOSUD_SHOPPER,APPROVED,Wed Apr 27 2022 12:56:40 GMT-0700 (Pacific Daylight Time)
6269b066175ef40001b42d2e,13817,JMB-v573244-01,CENCOSUD_SHOPPER,APPROVED,Wed Apr 27 2022 14:06:46 GMT-0700 (Pacific Daylight Time)
626a8f15175ef40001923d53,13817,JMB-v575140-01,CENCOSUD_SHOPPER,APPROVED,Thu Apr 28 2022 05:56:53 GMT-0700 (Pacific Daylight Time)
626a84eed26fe5000163c644,13817,JMB-v575035-01,CENCOSUD_SHOPPER,APPROVED,Thu Apr 28 2022 05:13:34 GMT-0700 (Pacific Daylight Time)
6268a560175ef400018a3cef,13817,JMB-v570699-01,CENCOSUD_SHOPPER,OPEN,Tue Apr 26 2022 19:07:28 GMT-0700 (Pacific Daylight Time)
6269b552d26fe50001718aac,13817,JMB-v573300-01,CENCOSUD_SHOPPER,APPROVED,Wed Apr 27 2022 14:27:46 GMT-0700 (Pacific Daylight Time)
6269d3ec175ef40001d2a7b8,13817,JMB-v573688-01,CENCOSUD_SHOPPER,APPROVED,Wed Apr 27 2022 16:38:20 GMT-0700 (Pacific Daylight Time)
6269a6ccd26fe500015ac926,13817,JMB-v572956-01,CENCOSUD_SHOPPER,APPROVED,Wed Apr 27 2022 13:25:48 GMT-0700 (Pacific Daylight Time)
6269a067175ef400017d6d28,13817,JMB-v573049-01,CENCOSUD_SHOPPER,APPROVED,Wed Apr 27 2022 12:58:31 GMT-0700 (Pacific Daylight Time)
626adecdd26fe5000169a05f,13817,JMB-v577031-01,CENCOSUD_SHOPPER,OPEN,Thu Apr 28 2022 11:37:01 GMT-0700 (Pacific Daylight Time)
6269da27175ef4000182d682,13817,JMB-v573746-01,CENCOSUD_SHOPPER,APPROVED,Wed Apr 27 2022 17:04:55 GMT-0700 (Pacific Daylight Time)
6269f1af175ef4000152da11,13817,JMB-v573858-01,CENCOSUD_SHOPPER,APPROVED,Wed Apr 27 2022 18:45:19 GMT-0700 (Pacific Daylight Time)
6269b5f2d26fe500014e5fb1,13817,JMB-v573092-01,CENCOSUD_SHOPPER,APPROVED,Wed Apr 27 2022 14:30:26 GMT-0700 (Pacific Daylight Time)
626a1797d26fe5000183a9cd,13817,JMB-v574392-01,CENCOSUD_SHOPPER,APPROVED,Wed Apr 27 2022 21:27:03 GMT-0700 (Pacific Daylight Time)
626a7d81175ef40001c5e3ca,13817,JMB-v574948-01,CENCOSUD_SHOPPER,APPROVED,Thu Apr 28 2022 04:41:53 GMT-0700 (Pacific Daylight Time)
626adb76d26fe500012d5331,13817,JMB-v576964-01,CENCOSUD_SHOPPER,OPEN,Thu Apr 28 2022 11:22:46 GMT-0700 (Pacific Daylight Time)
6269ebe6968bb800013b5a41,13817,JMB-v573933-01,CENCOSUD_SHOPPER,APPROVED,Wed Apr 27 2022 18:20:38 GMT-0700 (Pacific Daylight Time)
626acccb968bb800011d486b,13817,JMB-v576666-01,CENCOSUD_SHOPPER,OPEN,Thu Apr 28 2022 10:20:11 GMT-0700 (Pacific Daylight Time)
626ac8b2d26fe50001142ba4,13817,JMB-v576558-01,CENCOSUD_SHOPPER,OPEN,Thu Apr 28 2022 10:02:42 GMT-0700 (Pacific Daylight Time)
626aa505175ef4000190ac2c,13817,JMB-v575678-01,CENCOSUD_SHOPPER,OPEN,Thu Apr 28 2022 07:30:29 GMT-0700 (Pacific Daylight Time)
6269a1d7968bb800014acb90,13817,JMB-v573059-01,CENCOSUD_SHOPPER,APPROVED,Wed Apr 27 2022 13:04:39 GMT-0700 (Pacific Daylight Time)
626ac24c968bb800016084b7,13817,JMB-v576426-01,CENCOSUD_SHOPPER,OPEN,Thu Apr 28 2022 09:35:24 GMT-0700 (Pacific Daylight Time)
626aa81ed26fe50001245fd6,13817,JMB-v575725-01,CENCOSUD_SHOPPER,REVIEWING,Thu Apr 28 2022 07:43:42 GMT-0700 (Pacific Daylight Time)
626a0f21968bb800010c73ba,13817,JMB-v574343-01,CENCOSUD_SHOPPER,REVIEWING,Wed Apr 27 2022 20:50:57 GMT-0700 (Pacific Daylight Time)
6269d331175ef40001655716,13817,JMB-v573681-01,CENCOSUD_SHOPPER,REVIEWING,Wed Apr 27 2022 16:35:13 GMT-0700 (Pacific Daylight Time)
62699e22d26fe500019aa4d0,13817,JMB-v573028-01,CENCOSUD_SHOPPER,APPROVED,Wed Apr 27 2022 12:48:50 GMT-0700 (Pacific Daylight Time)
626841fdd26fe500012a3fbc,13817,JMB-v569220-01,CENCOSUD_SHOPPER,APPROVED,Tue Apr 26 2022 12:03:25 GMT-0700 (Pacific Daylight Time)
626a122d968bb80001cfe630,13817,JMB-v574361-01,CENCOSUD_SHOPPER,OPEN,Wed Apr 27 2022 21:03:57 GMT-0700 (Pacific Daylight Time)
6269f71bd26fe50001d0f908,13817,JMB-v574067-01,CENCOSUD_SHOPPER,OPEN,Wed Apr 27 2022 19:08:27 GMT-0700 (Pacific Daylight Time)
6266f025175ef4000141a1bb,13817,JMB-v565306-01,CENCOSUD_SHOPPER,OPEN,Mon Apr 25 2022 12:01:57 GMT-0700 (Pacific Daylight Time)
626a8428d26fe500014667f6,13817,JMB-v575021-01,CENCOSUD_SHOPPER,OPEN,Thu Apr 28 2022 05:10:16 GMT-0700 (Pacific Daylight Time)
626a7fa6d26fe50001bdcfcb,13817,JMB-v574965-01,CENCOSUD_SHOPPER,OPEN,Thu Apr 28 2022 04:51:02 GMT-0700 (Pacific Daylight Time)
626a30cb968bb800018ef473,13817,JMB-v574451-01,CENCOSUD_SHOPPER,OPEN,Wed Apr 27 2022 23:14:35 GMT-0700 (Pacific Daylight Time)
626964f2968bb80001a3d974,13817,JMB-v572414-01,CENCOSUD_SHOPPER,APPROVED,Wed Apr 27 2022 08:44:50 GMT-0700 (Pacific Daylight Time)
626a07c3968bb80001aef12a,13817,JMB-v574270-01,CENCOSUD_SHOPPER,OPEN,Wed Apr 27 2022 20:19:31 GMT-0700 (Pacific Daylight Time)
62699af0968bb800018b0ffa,13817,JMB-v573009-01,CENCOSUD_SHOPPER,APPROVED,Wed Apr 27 2022 12:35:12 GMT-0700 (Pacific Daylight Time)
62698dfbd26fe50001ca4a17,13817,JMB-v572515-01,CENCOSUD_SHOPPER,APPROVED,Wed Apr 27 2022 11:39:55 GMT-0700 (Pacific Daylight Time)
62698df7968bb8000110a5f2,13817,JMB-v572877-01,CENCOSUD_SHOPPER,APPROVED,Wed Apr 27 2022 11:39:51 GMT-0700 (Pacific Daylight Time)
6268c3e3175ef400017c63a3,13817,JMB-v571609-01,CENCOSUD_SHOPPER,APPROVED,Tue Apr 26 2022 21:17:39 GMT-0700 (Pacific Daylight Time)
62698730175ef40001dda45e,13817,JMB-v572809-01,CENCOSUD_SHOPPER,APPROVED,Wed Apr 27 2022 11:10:56 GMT-0700 (Pacific Daylight Time)
62698710d26fe50001f83566,13817,JMB-v572808-01,CENCOSUD_SHOPPER,APPROVED,Wed Apr 27 2022 11:10:24 GMT-0700 (Pacific Daylight Time)
626a0053968bb8000101b43d,13817,JMB-v574174-01,CENCOSUD_SHOPPER,OPEN,Wed Apr 27 2022 19:47:47 GMT-0700 (Pacific Daylight Time)
62695ea4968bb80001691710,13817,JMB-v572336-01,CENCOSUD_SHOPPER,APPROVED,Wed Apr 27 2022 08:17:56 GMT-0700 (Pacific Daylight Time)
6268bde9175ef40001f31ca8,13817,JMB-v571443-01,CENCOSUD_SHOPPER,APPROVED,Tue Apr 26 2022 20:52:09 GMT-0700 (Pacific Daylight Time)
6269526b175ef400016403ae,13817,JMB-v572237-01,CENCOSUD_SHOPPER,APPROVED,Wed Apr 27 2022 07:25:47 GMT-0700 (Pacific Daylight Time)
62696958d26fe5000184abb1,13817,JMB-v572463-01,CENCOSUD_SHOPPER,APPROVED,Wed Apr 27 2022 09:03:36 GMT-0700 (Pacific Daylight Time)
626970a0175ef40001492b85,13817,JMB-v572567-01,CENCOSUD_SHOPPER,APPROVED,Wed Apr 27 2022 09:34:40 GMT-0700 (Pacific Daylight Time)
6268b3e6175ef4000158c17a,13817,JMB-v571160-01,CENCOSUD_SHOPPER,APPROVED,Tue Apr 26 2022 20:09:26 GMT-0700 (Pacific Daylight Time)
6267567c968bb8000164c705,13817,JMB-v567317-01,CENCOSUD_SHOPPER,APPROVED,Mon Apr 25 2022 19:18:36 GMT-0700 (Pacific Daylight Time)
626945e5175ef40001e9c496,13817,JMB-v572134-01,CENCOSUD_SHOPPER,APPROVED,Wed Apr 27 2022 06:32:21 GMT-0700 (Pacific Daylight Time)
626950bbd26fe50001fb6d6e,13817,JMB-v572222-01,CENCOSUD_SHOPPER,APPROVED,Wed Apr 27 2022 07:18:35 GMT-0700 (Pacific Daylight Time)
6268601a175ef400011a126d,13817,JMB-v569568-01,CENCOSUD_SHOPPER,APPROVED,Tue Apr 26 2022 14:11:54 GMT-0700 (Pacific Daylight Time)
62694d96968bb800018c099d,13817,JMB-v572189-01,CENCOSUD_SHOPPER,APPROVED,Wed Apr 27 2022 07:05:10 GMT-0700 (Pacific Daylight Time)
62694885175ef40001112d69,13817,JMB-v572146-01,CENCOSUD_SHOPPER,APPROVED,Wed Apr 27 2022 06:43:33 GMT-0700 (Pacific Daylight Time)
62696b73175ef400013292be,13817,JMB-v572498-01,CENCOSUD_SHOPPER,APPROVED,Wed Apr 27 2022 09:12:35 GMT-0700 (Pacific Daylight Time)
626966c7968bb80001fb756a,13817,JMB-v572429-01,CENCOSUD_SHOPPER,APPROVED,Wed Apr 27 2022 08:52:39 GMT-0700 (Pacific Daylight Time)
6268aab3d26fe50001d84787,13817,JMB-v570838-01,CENCOSUD_SHOPPER,APPROVED,Tue Apr 26 2022 19:30:11 GMT-0700 (Pacific Daylight Time)
62683fce175ef4000133722a,13817,JMB-v569186-01,CENCOSUD_SHOPPER,APPROVED,Tue Apr 26 2022 11:54:06 GMT-0700 (Pacific Daylight Time)
626743d2968bb80001fb379b,13817,JMB-v566883-01,CENCOSUD_SHOPPER,APPROVED,Mon Apr 25 2022 17:58:58 GMT-0700 (Pacific Daylight Time)
62691acc175ef40001817516,13817,JMB-v571951-01,CENCOSUD_SHOPPER,APPROVED,Wed Apr 27 2022 03:28:28 GMT-0700 (Pacific Daylight Time)
62682f8c968bb8000161f2fc,13817,JMB-v569002-01,CENCOSUD_SHOPPER,APPROVED,Tue Apr 26 2022 10:44:44 GMT-0700 (Pacific Daylight Time)
62525290c5cfda0001cb27e5,13817,JMB-v522715-01,CENCOSUD_SHOPPER,APPROVED,Sat Apr 09 2022 20:44:16 GMT-0700 (Pacific Daylight Time)
62686f82968bb8000112404f,13817,JMB-v569781-01,CENCOSUD_SHOPPER,APPROVED,Tue Apr 26 2022 15:17:38 GMT-0700 (Pacific Daylight Time)
626701e1d26fe50001f8b9b1,13817,JMB-v565682-01,CENCOSUD_SHOPPER,APPROVED,Mon Apr 25 2022 13:17:37 GMT-0700 (Pacific Daylight Time)
62673ec0968bb800018ffb4f,13817,JMB-v566763-01,CENCOSUD_SHOPPER,APPROVED,Mon Apr 25 2022 17:37:20 GMT-0700 (Pacific Daylight Time)
6269c758d26fe50001872e68,13817,JMB-v573541-01,CENCOSUD_SHOPPER,OPEN,Wed Apr 27 2022 15:44:40 GMT-0700 (Pacific Daylight Time)
62673aeb968bb800011575bb,13817,JMB-v566697-01,CENCOSUD_SHOPPER,APPROVED,Mon Apr 25 2022 17:20:59 GMT-0700 (Pacific Daylight Time)
62688837968bb80001ff2536,13817,JMB-v570073-01,CENCOSUD_SHOPPER,APPROVED,Tue Apr 26 2022 17:03:03 GMT-0700 (Pacific Daylight Time)
62673f66175ef40001bb4e5d,13817,JMB-v566773-01,CENCOSUD_SHOPPER,APPROVED,Mon Apr 25 2022 17:40:06 GMT-0700 (Pacific Daylight Time)
6269c51dd26fe500011cf03f,13817,JMB-v573511-01,CENCOSUD_SHOPPER,OPEN,Wed Apr 27 2022 15:35:09 GMT-0700 (Pacific Daylight Time)
6269badad26fe50001f3f504,13817,JMB-v573378-01,CENCOSUD_SHOPPER,OPEN,Wed Apr 27 2022 14:51:22 GMT-0700 (Pacific Daylight Time)
62684842968bb80001f3d39c,13817,JMB-v569291-01,CENCOSUD_SHOPPER,APPROVED,Tue Apr 26 2022 12:30:10 GMT-0700 (Pacific Daylight Time)
6268594fd26fe50001752595,13817,JMB-v569480-01,CENCOSUD_SHOPPER,APPROVED,Tue Apr 26 2022 13:42:55 GMT-0700 (Pacific Daylight Time)
6268b4ecd26fe5000187f9b3,13817,JMB-v571180-01,CENCOSUD_SHOPPER,APPROVED,Tue Apr 26 2022 20:13:48 GMT-0700 (Pacific Daylight Time)
6268cdcf175ef4000125a985,13817,JMB-v571847-01,CENCOSUD_SHOPPER,APPROVED,Tue Apr 26 2022 21:59:59 GMT-0700 (Pacific Daylight Time)
62673a65968bb80001a3eca1,13817,JMB-v566686-01,CENCOSUD_SHOPPER,APPROVED,Mon Apr 25 2022 17:18:45 GMT-0700 (Pacific Daylight Time)
6268c7f4d26fe500010ec63c,13817,JMB-v571703-01,CENCOSUD_SHOPPER,APPROVED,Tue Apr 26 2022 21:35:00 GMT-0700 (Pacific Daylight Time)
6266f16bd26fe50001e018a2,13817,JMB-v565340-01,CENCOSUD_SHOPPER,APPROVED,Mon Apr 25 2022 12:07:23 GMT-0700 (Pacific Daylight Time)
626757a2968bb800010ac49a,13817,JMB-v567340-01,CENCOSUD_SHOPPER,APPROVED,Mon Apr 25 2022 19:23:30 GMT-0700 (Pacific Daylight Time)
6268ee2c968bb80001977d05,13817,JMB-v571610-01,CENCOSUD_SHOPPER,APPROVED,Wed Apr 27 2022 00:18:04 GMT-0700 (Pacific Daylight Time)
62686484175ef4000143f456,13817,JMB-v569618-01,CENCOSUD_SHOPPER,APPROVED,Tue Apr 26 2022 14:30:44 GMT-0700 (Pacific Daylight Time)
62696d51175ef40001005d31,13817,JMB-v572521-01,CENCOSUD_SHOPPER,OPEN,Wed Apr 27 2022 09:20:33 GMT-0700 (Pacific Daylight Time)
626969d0968bb8000128021d,13817,JMB-v572475-01,CENCOSUD_SHOPPER,OPEN,Wed Apr 27 2022 09:05:36 GMT-0700 (Pacific Daylight Time)
6268cb48968bb8000136c6ee,13817,JMB-v571784-01,CENCOSUD_SHOPPER,OPEN,Tue Apr 26 2022 21:49:12 GMT-0700 (Pacific Daylight Time)
6266e511d26fe50001b513b4,13817,JMB-v565148-01,CENCOSUD_SHOPPER,OPEN,Mon Apr 25 2022 11:14:41 GMT-0700 (Pacific Daylight Time)
6268affe175ef4000175235f,13817,JMB-v571035-01,CENCOSUD_SHOPPER,OPEN,Tue Apr 26 2022 19:52:46 GMT-0700 (Pacific Daylight Time)
6268aa90d26fe500019fc77f,13817,JMB-v570849-01,CENCOSUD_SHOPPER,OPEN,Tue Apr 26 2022 19:29:36 GMT-0700 (Pacific Daylight Time)
62682824968bb80001a3af5e,13817,JMB-v568918-01,CENCOSUD_SHOPPER,REVIEWING,Tue Apr 26 2022 10:13:08 GMT-0700 (Pacific Daylight Time)
62671a57175ef40001bcd153,13817,JMB-v566136-01,CENCOSUD_SHOPPER,OPEN,Mon Apr 25 2022 15:01:59 GMT-0700 (Pacific Daylight Time)
62681ea1968bb80001ce6c39,13817,JMB-v568763-01,CENCOSUD_SHOPPER,OPEN,Tue Apr 26 2022 09:32:33 GMT-0700 (Pacific Daylight Time)
6268110a968bb80001cca9f2,13817,JMB-v568594-01,CENCOSUD_SHOPPER,OPEN,Tue Apr 26 2022 08:34:34 GMT-0700 (Pacific Daylight Time)
6267d72e968bb80001a1bcee,13817,JMB-v568241-01,CENCOSUD_SHOPPER,OPEN,Tue Apr 26 2022 04:27:42 GMT-0700 (Pacific Daylight Time)
626aeb07968bb8000158a568,13817,JMB-v576565-01,DELIVERY_SHOPPER,REVIEWING,Thu Apr 28 2022 12:29:11 GMT-0700 (Pacific Daylight Time)
626aea90175ef40001cf7f59,13817,JMB-v574196-01,DELIVERY_SHOPPER,REVIEWING,Thu Apr 28 2022 12:27:12 GMT-0700 (Pacific Daylight Time)
626aea19d26fe50001b66472,13817,JMB-v576407-01,DELIVERY_SHOPPER,REVIEWING,Thu Apr 28 2022 12:25:13 GMT-0700 (Pacific Daylight Time)
626abadd175ef400019f9cee,13817,JMB-v575725-01,DELIVERY_SHOPPER,REVIEWING,Thu Apr 28 2022 09:03:41 GMT-0700 (Pacific Daylight Time)
626adb9ed26fe500018fffda,13817,JMB-v575618-01,DELIVERY_SHOPPER,REVIEWING,Thu Apr 28 2022 11:23:26 GMT-0700 (Pacific Daylight Time)
626ad8c5175ef40001f0777a,13817,JMB-v576267-01,DELIVERY_SHOPPER,IN_PROGRESS,Thu Apr 28 2022 11:11:17 GMT-0700 (Pacific Daylight Time)
626ac722968bb80001eb9632,13817,JMB-v576305-01,DELIVERY_SHOPPER,APPROVED,Thu Apr 28 2022 09:56:02 GMT-0700 (Pacific Daylight Time)
626ae663175ef400010cdc7d,13817,JMB-v573834-01,DELIVERY_SHOPPER,IN_PROGRESS,Thu Apr 28 2022 12:09:23 GMT-0700 (Pacific Daylight Time)
626ae5e7175ef400014f480a,13817,JMB-v576195-01,DELIVERY_SHOPPER,REVIEWING,Thu Apr 28 2022 12:07:19 GMT-0700 (Pacific Daylight Time)
626abdf2175ef400012a16e8,13817,JMB-v575760-01,DELIVERY_SHOPPER,APPROVED,Thu Apr 28 2022 09:16:50 GMT-0700 (Pacific Daylight Time)
626abf58175ef4000160cb62,13817,JMB-v575202-01,DELIVERY_SHOPPER,APPROVED,Thu Apr 28 2022 09:22:48 GMT-0700 (Pacific Daylight Time)
626ab327175ef40001976521,13817,JMB-v570699-01,DELIVERY_SHOPPER,APPROVED,Thu Apr 28 2022 08:30:47 GMT-0700 (Pacific Daylight Time)
626ad695d26fe50001f537c0,13817,JMB-v575757-01,DELIVERY_SHOPPER,REVIEWING,Thu Apr 28 2022 11:01:57 GMT-0700 (Pacific Daylight Time)
626a9e09175ef400012e098b,13817,JMB-v573244-01,DELIVERY_SHOPPER,APPROVED,Thu Apr 28 2022 07:00:41 GMT-0700 (Pacific Daylight Time)
626abfc7175ef40001d8c691,13817,JMB-v573256-01,DELIVERY_SHOPPER,APPROVED,Thu Apr 28 2022 09:24:39 GMT-0700 (Pacific Daylight Time)
626ab359968bb80001e13e51,13817,JMB-v575140-01,DELIVERY_SHOPPER,APPROVED,Thu Apr 28 2022 08:31:37 GMT-0700 (Pacific Daylight Time)
626a8bd7968bb800011ab385,13817,JMB-v573300-01,DELIVERY_SHOPPER,OPEN,Thu Apr 28 2022 05:43:03 GMT-0700 (Pacific Daylight Time)
626aa203d26fe50001caae14,13817,JMB-v573046-01,DELIVERY_SHOPPER,APPROVED,Thu Apr 28 2022 07:17:39 GMT-0700 (Pacific Daylight Time)
626a8468968bb800014d8b7f,13817,JMB-v574948-01,DELIVERY_SHOPPER,APPROVED,Thu Apr 28 2022 05:11:20 GMT-0700 (Pacific Daylight Time)
626aa5c0175ef400017a9694,13817,JMB-v574392-01,DELIVERY_SHOPPER,APPROVED,Thu Apr 28 2022 07:33:36 GMT-0700 (Pacific Daylight Time)
626aa893d26fe500014f9f82,13817,JMB-v573092-01,DELIVERY_SHOPPER,APPROVED,Thu Apr 28 2022 07:45:39 GMT-0700 (Pacific Daylight Time)
626a8a47175ef40001821e7a,13817,JMB-v572956-01,DELIVERY_SHOPPER,APPROVED,Thu Apr 28 2022 05:36:23 GMT-0700 (Pacific Daylight Time)
626aa8ee175ef400010b34de,13817,JMB-v573858-01,DELIVERY_SHOPPER,APPROVED,Thu Apr 28 2022 07:47:10 GMT-0700 (Pacific Daylight Time)
626aa93bd26fe50001923ecb,13817,JMB-v573746-01,DELIVERY_SHOPPER,APPROVED,Thu Apr 28 2022 07:48:27 GMT-0700 (Pacific Daylight Time)
626a8a05175ef400015be0fc,13817,JMB-v573049-01,DELIVERY_SHOPPER,APPROVED,Thu Apr 28 2022 05:35:17 GMT-0700 (Pacific Daylight Time)
626aa2c9175ef4000185214f,13817,JMB-v573933-01,DELIVERY_SHOPPER,APPROVED,Thu Apr 28 2022 07:20:57 GMT-0700 (Pacific Daylight Time)
62699847968bb80001428173,13817,JMB-v572808-01,DELIVERY_SHOPPER,OPEN,Wed Apr 27 2022 12:23:51 GMT-0700 (Pacific Daylight Time)
6269cc2d968bb8000137a8eb,13817,JMB-v572414-01,DELIVERY_SHOPPER,APPROVED,Wed Apr 27 2022 16:05:17 GMT-0700 (Pacific Daylight Time)
6269a963175ef40001d1a930,13817,JMB-v571609-01,DELIVERY_SHOPPER,APPROVED,Wed Apr 27 2022 13:36:51 GMT-0700 (Pacific Daylight Time)
62699a9f968bb80001f59191,13817,JMB-v571160-01,DELIVERY_SHOPPER,APPROVED,Wed Apr 27 2022 12:33:51 GMT-0700 (Pacific Daylight Time)
6269b26d968bb80001361807,13817,JMB-v573009-01,DELIVERY_SHOPPER,APPROVED,Wed Apr 27 2022 14:15:25 GMT-0700 (Pacific Daylight Time)
62699867d26fe5000113768b,13817,JMB-v572463-01,DELIVERY_SHOPPER,APPROVED,Wed Apr 27 2022 12:24:23 GMT-0700 (Pacific Daylight Time)
6269ab4c968bb80001154882,13817,JMB-v572877-01,DELIVERY_SHOPPER,APPROVED,Wed Apr 27 2022 13:45:00 GMT-0700 (Pacific Daylight Time)
62699a8b968bb80001b4dd69,13817,JMB-v572809-01,DELIVERY_SHOPPER,OPEN,Wed Apr 27 2022 12:33:31 GMT-0700 (Pacific Daylight Time)
6269aba3d26fe500018a453f,13817,JMB-v572515-01,DELIVERY_SHOPPER,APPROVED,Wed Apr 27 2022 13:46:27 GMT-0700 (Pacific Daylight Time)
62699661d26fe50001cb6b10,13817,JMB-v571443-01,DELIVERY_SHOPPER,APPROVED,Wed Apr 27 2022 12:15:45 GMT-0700 (Pacific Daylight Time)
62699a3d175ef40001b79c34,13817,JMB-v572567-01,DELIVERY_SHOPPER,APPROVED,Wed Apr 27 2022 12:32:13 GMT-0700 (Pacific Daylight Time)
6269820fd26fe500018c4ad3,13817,JMB-v567317-01,DELIVERY_SHOPPER,APPROVED,Wed Apr 27 2022 10:49:03 GMT-0700 (Pacific Daylight Time)
62699815175ef40001b32af6,13817,JMB-v572336-01,DELIVERY_SHOPPER,APPROVED,Wed Apr 27 2022 12:23:01 GMT-0700 (Pacific Daylight Time)
6269872dd26fe500013f5955,13817,JMB-v572237-01,DELIVERY_SHOPPER,APPROVED,Wed Apr 27 2022 11:10:53 GMT-0700 (Pacific Daylight Time)
626984b7968bb80001361451,13817,JMB-v572134-01,DELIVERY_SHOPPER,APPROVED,Wed Apr 27 2022 11:00:23 GMT-0700 (Pacific Daylight Time)
626985f0175ef40001601c19,13817,JMB-v569568-01,DELIVERY_SHOPPER,APPROVED,Wed Apr 27 2022 11:05:36 GMT-0700 (Pacific Daylight Time)
62698558175ef40001f4370c,13817,JMB-v572189-01,DELIVERY_SHOPPER,APPROVED,Wed Apr 27 2022 11:03:04 GMT-0700 (Pacific Daylight Time)
626985cbd26fe50001f5e411,13817,JMB-v572222-01,DELIVERY_SHOPPER,OPEN,Wed Apr 27 2022 11:04:59 GMT-0700 (Pacific Daylight Time)
626979b1968bb800018e9f14,13817,JMB-v572429-01,DELIVERY_SHOPPER,APPROVED,Wed Apr 27 2022 10:13:21 GMT-0700 (Pacific Daylight Time)
6269796c968bb8000161a1e2,13817,JMB-v572498-01,DELIVERY_SHOPPER,APPROVED,Wed Apr 27 2022 10:12:12 GMT-0700 (Pacific Daylight Time)
62697860968bb800017e6dc9,13817,JMB-v572146-01,DELIVERY_SHOPPER,APPROVED,Wed Apr 27 2022 10:07:44 GMT-0700 (Pacific Daylight Time)
6269587b968bb80001ef3db1,13817,JMB-v571847-01,DELIVERY_SHOPPER,APPROVED,Wed Apr 27 2022 07:51:39 GMT-0700 (Pacific Daylight Time)
62695a32968bb800013f00f0,13817,JMB-v566686-01,DELIVERY_SHOPPER,APPROVED,Wed Apr 27 2022 07:58:58 GMT-0700 (Pacific Daylight Time)
62695f93968bb80001196869,13817,JMB-v569781-01,DELIVERY_SHOPPER,APPROVED,Wed Apr 27 2022 08:21:55 GMT-0700 (Pacific Daylight Time)
62695b68d26fe50001cedaf5,13817,JMB-v569480-01,DELIVERY_SHOPPER,APPROVED,Wed Apr 27 2022 08:04:08 GMT-0700 (Pacific Daylight Time)
62696fb8968bb8000166f98a,13817,JMB-v569186-01,DELIVERY_SHOPPER,APPROVED,Wed Apr 27 2022 09:30:48 GMT-0700 (Pacific Daylight Time)
62696fe9175ef40001a16464,13817,JMB-v570838-01,DELIVERY_SHOPPER,APPROVED,Wed Apr 27 2022 09:31:37 GMT-0700 (Pacific Daylight Time)
62695801175ef4000112fb62,13817,JMB-v571180-01,DELIVERY_SHOPPER,APPROVED,Wed Apr 27 2022 07:49:37 GMT-0700 (Pacific Daylight Time)
62696f86968bb800011a0ee0,13817,JMB-v566883-01,DELIVERY_SHOPPER,APPROVED,Wed Apr 27 2022 09:29:58 GMT-0700 (Pacific Daylight Time)
6269615fd26fe5000161a03c,13817,JMB-v522715-01,DELIVERY_SHOPPER,APPROVED,Wed Apr 27 2022 08:29:35 GMT-0700 (Pacific Daylight Time)
62695abe968bb800017abd10,13817,JMB-v566763-01,DELIVERY_SHOPPER,APPROVED,Wed Apr 27 2022 08:01:18 GMT-0700 (Pacific Daylight Time)
626955fa968bb80001ae769c,13817,JMB-v566697-01,DELIVERY_SHOPPER,APPROVED,Wed Apr 27 2022 07:40:58 GMT-0700 (Pacific Daylight Time)
62695ac0968bb80001dcecae,13817,JMB-v565682-01,DELIVERY_SHOPPER,APPROVED,Wed Apr 27 2022 08:01:20 GMT-0700 (Pacific Daylight Time)
626968fa968bb800013c64ac,13817,JMB-v571951-01,DELIVERY_SHOPPER,APPROVED,Wed Apr 27 2022 09:02:02 GMT-0700 (Pacific Daylight Time)
6269686bd26fe50001028f3d,13817,JMB-v569002-01,DELIVERY_SHOPPER,APPROVED,Wed Apr 27 2022 08:59:39 GMT-0700 (Pacific Daylight Time)
62695b3a968bb80001d6816f,13817,JMB-v569291-01,DELIVERY_SHOPPER,APPROVED,Wed Apr 27 2022 08:03:22 GMT-0700 (Pacific Daylight Time)
626ab46d175ef40001de6c5d,13817,JMB-v574343-01,DELIVERY_SHOPPER,REVIEWING,Thu Apr 28 2022 08:36:13 GMT-0700 (Pacific Daylight Time)
626a9c25d26fe50001313f64,13817,JMB-v575035-01,DELIVERY_SHOPPER,REVIEWING,Thu Apr 28 2022 06:52:37 GMT-0700 (Pacific Daylight Time)
626aa373968bb80001edc79a,13817,JMB-v573681-01,DELIVERY_SHOPPER,REVIEWING,Thu Apr 28 2022 07:23:47 GMT-0700 (Pacific Daylight Time)
626a8b91175ef400010b9359,13817,JMB-v573688-01,DELIVERY_SHOPPER,REVIEWING,Thu Apr 28 2022 05:41:53 GMT-0700 (Pacific Daylight Time)
6269cd17968bb80001f768e3,13817,JMB-v573059-01,DELIVERY_SHOPPER,APPROVED,Wed Apr 27 2022 16:09:11 GMT-0700 (Pacific Daylight Time)
6269ce20175ef40001f5399b,13817,JMB-v573028-01,DELIVERY_SHOPPER,APPROVED,Wed Apr 27 2022 16:13:36 GMT-0700 (Pacific Daylight Time)
6269c9d8175ef40001cc29d8,13817,JMB-v569220-01,DELIVERY_SHOPPER,APPROVED,Wed Apr 27 2022 15:55:20 GMT-0700 (Pacific Daylight Time)
626954f4d26fe50001efea27,13817,JMB-v570073-01,DELIVERY_SHOPPER,APPROVED,Wed Apr 27 2022 07:36:36 GMT-0700 (Pacific Daylight Time)
62694c2e175ef4000159630a,13817,JMB-v566773-01,DELIVERY_SHOPPER,APPROVED,Wed Apr 27 2022 06:59:10 GMT-0700 (Pacific Daylight Time)
62694a15968bb8000163616f,13817,JMB-v565340-01,DELIVERY_SHOPPER,APPROVED,Wed Apr 27 2022 06:50:13 GMT-0700 (Pacific Daylight Time)
6269469dd26fe500010708d2,13817,JMB-v571610-01,DELIVERY_SHOPPER,APPROVED,Wed Apr 27 2022 06:35:25 GMT-0700 (Pacific Daylight Time)
626949ba175ef400017e8be9,13817,JMB-v567340-01,DELIVERY_SHOPPER,APPROVED,Wed Apr 27 2022 06:48:42 GMT-0700 (Pacific Daylight Time)
626945f9968bb80001d465de,13817,JMB-v569618-01,DELIVERY_SHOPPER,APPROVED,Wed Apr 27 2022 06:32:41 GMT-0700 (Pacific Daylight Time)
62694b4c175ef400016d1059,13817,JMB-v571703-01,DELIVERY_SHOPPER,APPROVED,Wed Apr 27 2022 06:55:24 GMT-0700 (Pacific Daylight Time)
6268a0b1d26fe50001aaa899,13817,JMB-v568918-01,DELIVERY_SHOPPER,OPEN,Tue Apr 26 2022 18:47:29 GMT-0700 (Pacific Daylight Time)
